[
  {
    "path": "/dashboard",
    "title": "Dashboard",
    "icon": "home",
    "type": "link",
    "roles": ["admin", "superAdmin"]
  },
  {
    "title": "General Settings",
    "icon": "settings",
    "type": "sub",
    "active": false,
    "roles": ["superAdmin"],
    "children": [
      {
        "path": "/general_Settings/instituteProfile",
        "icon": "settings",
        "title": "Institute Profile",
        "type": "link",
        "roles": ["superAdmin"]
      },
      {
        "path": "/general_Settings/rulesNRegulations",
        "icon": "settings",
        "title": "Rules & Regulations",
        "type": "link",
        "roles": ["superAdmin"]
      },
      {
        "path": "/general_Settings/marksGrading",
        "icon": "settings",
        "title": "Marks Grading",
        "type": "link",
        "roles": ["superAdmin"]
      }
    ]
  },
  {
    "title": "Misc",
    "icon": "aperture",
    "type": "sub",
    "active": false,
    "roles": ["admin", "superAdmin"],
    "children": [
      {
        "path": "/misc/addNew",
        "title": "AddNew",
        "icon": "aperture",
        "type": "link",
        "roles": ["admin", "superAdmin"]
      }
    ]
  },
  {
    "title": "Fees",
    "icon": "dollar-sign",
    "type": "sub",
    "active": false,
    "roles": ["admin", "superAdmin"],
    "children": [
      {
        "path": "/fees/feeGroup",
        "title": "Fee Groups",
        "icon": "dollar-sign",
        "type": "link",
        "roles": ["admin", "superAdmin"]
      },
      {
        "path": "/fees/feeComponents",
        "title": "Fee Components",
        "icon": "dollar-sign",
        "type": "link",
        "roles": ["admin", "superAdmin"]
      }
    ]
  },
  {
    "title": "Student",
    "icon": "user",
    "type": "sub",
    "active": false,
    "roles": ["admin", "superAdmin"],
    "children": [
      {
        "path": "/student/allStudents",
        "icon": "users",
        "title": "All Students",
        "type": "link",
        "roles": ["admin", "superAdmin"]
      },
      {
        "path": "/student/addNew",
        "icon": "user-plus",
        "title": "Add New Student",
        "type": "link",
        "roles": ["admin", "superAdmin"]
      }
    ]
  }
]
